<?xml version="1.0" encoding="utf-8"?>
<VugenScriptMetadata>
  <ScriptName>S01_Online_Productorder_V1.0</ScriptName>
  <Protocol>Web - HTTP/HTML</Protocol>
  <ActionFiles>
    <FileEntry Name="vuser_init.c" Filter="2" />
    <FileEntry Name="Login.c" Filter="2" />
    <FileEntry Name="SearchProduct.c" Filter="2" />
    <FileEntry Name="Submitorder.c" Filter="2" />
    <FileEntry Name="Logout.c" Filter="2" />
    <FileEntry Name="vuser_end.c" Filter="2" />
  </ActionFiles>
  <GeneralFiles>
    <FileEntry Name="S01_Online_Productorder_V1.0.usr" Filter="4" />
    <FileEntry Name="default.cfg" Filter="4" />
    <FileEntry Name="default.usp" Filter="4" />
    <FileEntry Name="S01_Online_Productorder_V1.prm" Filter="2" />
    <FileEntry Name="globals.h" Filter="2" />
    <FileEntry Name="P_Password.dat" Filter="2" />
    <FileEntry Name="P_HostURL.dat" Filter="2" />
    <FileEntry Name="P_Username.dat" Filter="2" />
    <FileEntry Name="001_Online_Productorder_V0.prm" Filter="1" />
    <FileEntry Name="Bookmarks.xml" Filter="1" />
    <FileEntry Name="Breakpoints.xml" Filter="1" />
    <FileEntry Name="CompilerLogMetadata.xml" Filter="1" />
    <FileEntry Name="custom_body_variables.txt" Filter="1" />
    <FileEntry Name="logfile.log" Filter="1" />
    <FileEntry Name="lrw_custom_body.h" Filter="1" />
    <FileEntry Name="mdrv_cmd.txt" Filter="1" />
    <FileEntry Name="options.txt" Filter="1" />
    <FileEntry Name="ReplaySummaryReport.xml" Filter="1" />
    <FileEntry Name="S011_Online_Productorder_V1.prm" Filter="1" />
    <FileEntry Name="S01_Online_Productorder_V1.0.prm" Filter="1" />
    <FileEntry Name="S01_Online_Productorder_V1.prm.bak" Filter="1" />
    <FileEntry Name="ScriptUploadMetadata.xml" Filter="1" />
    <FileEntry Name="Test_Assesment.prm.bak" Filter="1" />
    <FileEntry Name="UserTasks.xml" Filter="1" />
  </GeneralFiles>
</VugenScriptMetadata>